INSERT INTO day_values (id, name, "order") VALUES ('mon', 'Понедельник', 1);
INSERT INTO day_values (id, name, "order") VALUES ('tue', 'Вторник', 2);
INSERT INTO day_values (id, name, "order") VALUES ('wed', 'Среда', 3);
INSERT INTO day_values (id, name, "order") VALUES ('thu', 'Четверг', 4);
INSERT INTO day_values (id, name, "order") VALUES ('fri', 'Пятница', 5);
INSERT INTO day_values (id, name, "order") VALUES ('sat', 'Суббота', 6);
INSERT INTO day_values (id, name, "order") VALUES ('sun', 'Воскресенье', 7);
INSERT INTO time_values (id, value, "order") VALUES (1, '8:00', 1);
INSERT INTO time_values (id, value, "order") VALUES (2, '10:00', 2);
INSERT INTO time_values (id, value, "order") VALUES (3, '12:00', 3);
INSERT INTO time_values (id, value, "order") VALUES (4, '14:00', 4);
INSERT INTO time_values (id, value, "order") VALUES (5, '16:00', 5);
INSERT INTO time_values (id, value, "order") VALUES (6, '18:00', 6);
INSERT INTO time_values (id, value, "order") VALUES (7, '20:00', 7);
INSERT INTO time_values (id, value, "order") VALUES (8, '22:00', 8);
INSERT INTO teachers (id, name, about, rating, picture, price) VALUES (0, 'Morris Simmmons', 'Репетитор американского английского языка. Структурированная система обучения. Всем привет! Я предпочитаю называть себя «тренером» английского языка. Мои занятия похожи на тренировки', 4.2, 'pict0.jpg', 900);
INSERT INTO teachers (id, name, about, rating, picture, price) VALUES (1, 'Lee P', 'I am a native speaker and conversation tutor, providing private English conversation lessons using something called Life Learning.This method allows students to take complete control of how and what they learn. It is student-led learning focusing on interests, life goals, enjoyment and effective learning for you, as an individual.Stop wasting time with textbooks, tests and unneccesary pressure. Find a love for learning and speaking English with creativity and freedom. The lessons are completely chosen by you to keep you motivated and driven to achieve your goals.', 4.8, 'pict1.jpg', 1200);
INSERT INTO teachers (id, name, about, rating, picture, price) VALUES (2, 'Felix A', 'The English language has become the language of the world, thus, it is considered a world language. Today English seems to evolve to a future global tongue, as its spreading on the Internet in recent years shows (almost 80% of the worldwide web''s pages are now written in English). scientific researchers have found out that in fact many small languages have already vanished.But to teach it in a satisfactory manner a good teacher of English is required.xA good teacher of English must possess some qualities.Business, General and conversational English', 4.7, 'pict2.jpg', 1300);
INSERT INTO teachers (id, name, about, rating, picture, price) VALUES (3, 'Milan S', 'I have a wide range of interests, believe me, you will never be bored during our lesson. I worked with lawyers, doctors, biologists and many others to help them improve their English in their respective fields. Since I spent my whole life satisfying my curiosity, I acquired a huge vocabulary that I can pass on to you.', 4.9, 'pict3.jpg', 1300);
INSERT INTO teachers (id, name, about, rating, picture, price) VALUES (4, 'Gulya S', 'Hello! My name is Gulya :) I am a native speaker of the Russian language and I am fluent in English. I have been teaching online for 3 years now. I have an individual program, having studied your requirements, I am preparing a special program. plan, and therefore deal) Books Cambridge, Oxford, etc. I train and develop colloquial speech. We study words, stable combinations and put them into practice. We speak and try to speak :) on different topics. We listen to audio lessons, watch films with subtitles. We analyze everything on the shelves :) In parallel, of course, we study the basics of grammar and the correct delivery of sentences :) All the materials are provided by me. I promise you that you will talk from the first first lesson :)', 4.3, 'pict4.jpg', 900);
INSERT INTO teachers (id, name, about, rating, picture, price) VALUES (5, 'Yan M', 'Hello! My name is Yang and for more than five years I have been teaching English. I spent part of this time in China, where I worked with students from 3 to 40 years old. I deal with both adults and children. But for all ages, I try to make my classes fun and interactive. Teaching English to me is not just a language lesson. I always try to attract a wider cultural and historical context that helps my students understand more about the language and its features. A degree in history helps me a lot to create such an intellectual environment in the classroom.For each student, I develop an individual curriculum that depends on its goals and needs.', 3.9, 'pict5.jpg', 800);
INSERT INTO teachers (id, name, about, rating, picture, price) VALUES (6, 'Eran E', 'Hello, my name is Eran & I am a friendly native English speaker. I am an experienced English teacher with a neutral accent that is easily understood. This is because I have grown up living in 13 countries across 4 continents. They include England, America, Australia & Japan. Presently, I live in Lisbon, Portugal. While I am primarily focused on 1 to 1 tuition, I’ve previously taught classes with as many as 50 students at a time. My students have ranged from 12 to 70 years old. From Israeli middle schoolers all the way through to Thai Government officials. As a result, I’ve learned a wide variety of teaching methods. Currently, I''m taking students with English level: B2 onwards, as well as those who are interested in long-term growth and multiple lessons.I understand how hard it can be to learn another language. That''s why my teaching style is fun, constructive & easy-going. Lessons will be tailored to meet your needs & goals. Through my lessons, you will gain the confidence to speak English in your daily life.', 4.5, 'pict6.jpg', 1200);
INSERT INTO teachers (id, name, about, rating, picture, price) VALUES (7, 'Mr. Mark', 'My lessons are fun and practical, but most importantly, we are going to be extremely productive. I believe that the best way to master English is through EXECUTION. Less theory, more practice. Lots of practice. Our goal is to achieve maximum involvement and focus on the subject. Schools trained us to be very passive. Sit quietly by yourself, be lectured to, just consume information. THAT is not how we are going to learn English.', 4.5, 'pict7.jpg', 1100);
INSERT INTO teachers (id, name, about, rating, picture, price) VALUES (8, 'Skye L.', 'Hello, My name is Skye. I’m from London in the United Kingdom but I am currently living in Japan. I have a TEFL certificate which I acquired last year. Since moving to Japan I have been teaching some of my Japanese friends English. I think learning should be fun and engaging and even though English can be difficult to learn I aim to make it enjoyable.I enjoy watching football and travelling. I do a lot of Yoga in my spare time and I can''t wait to meet you!', 5, 'pict8.jpg', 1700);
INSERT INTO teachers (id, name, about, rating, picture, price) VALUES (9, 'Seeta Y.', 'Hello and welcome to my profile learners of the wonderful world of the English language! I am a certified native English teacher with an A in TEFL. Learning something new should be fun and exciting and not something you’re dragging your feet into doing which is why I believe a little fun and humour plays a huge part in the learning process and also the development of a healthy and enjoyable relationship between us.I am also currently trying to learn a new language and so I know from my own experience how daunting or sometimes challenging it can be but please remember I’m here to work with you and not against you. We can work together on pronunciation, reading, conversational English, homework you may have from school or college, slang, in fact on any subject area you enjoy or want to develop as when you’re enjoying the learning process you’re learning without even realising.', 4.1, 'pict9.jpg', 1200);
INSERT INTO teachers (id, name, about, rating, picture, price) VALUES (10, 'Salman S', 'I motivate and guide students to achieve their goals. It depends on what is the problem they are facing. Sometimes they just want to practice speaking to improve their fluency. Sometimes it''s more complicated which is a language barrier and I need to boost their confidence. Some are coming with a specific task to pass an exam like IELTS and TOEFL. Moreover some are seeking to improve their business skills and business conversation. Sometimes they need to pass the interview in English. According to their requirements I have materials and programs to help them to achieve their desired goals. My vast experience of teaching plays a vital role as well.', 4.7, 'pict10.jpg', 1100);
INSERT INTO teachers (id, name, about, rating, picture, price) VALUES (11, 'Andrew G', 'Hi guys, My name is Andrew and I am an English teacher from the USA currently living now in Atlanta, Georgia.My teaching experience ranges from 1 on 1 to groups, children to adults, in-person or online. IMPORTANT*** Although I have experience teaching Children, right now I''m only teaching Adults through Conversational English. This is my specialty and I do this through focusing mainly on Accent Reduction, Pronunciation, Speech Therapy, and improving one''s Vocabulary.I have been traveling and teaching since 2008 and my travels have really helped me be more culturally aware, and relevant. I am fun and unique when it comes to teaching English, you won''t that find my classes anywhere else.', 4.2, 'pict11.jpg', 900);
INSERT INTO goals (id, title, sign) VALUES ('travel', 'Для путешествий', '⛱');
INSERT INTO goals (id, title, sign) VALUES ('work', 'Для работы', '🏢');
INSERT INTO goals (id, title, sign) VALUES ('coding', 'для программирования', '₪');
INSERT INTO goals (id, title, sign) VALUES ('relocate', 'Для переезда', '🚜');
INSERT INTO goals (id, title, sign) VALUES ('study', 'Для учебы', '🏫');
INSERT INTO goals_teachers (goal_id, teacher_id) VALUES ('relocate', 8);
INSERT INTO goals_teachers (goal_id, teacher_id) VALUES ('work', 8);
INSERT INTO goals_teachers (goal_id, teacher_id) VALUES ('coding', 8);
INSERT INTO goals_teachers (goal_id, teacher_id) VALUES ('travel', 3);
INSERT INTO goals_teachers (goal_id, teacher_id) VALUES ('study', 3);
INSERT INTO goals_teachers (goal_id, teacher_id) VALUES ('travel', 11);
INSERT INTO goals_teachers (goal_id, teacher_id) VALUES ('work', 11);
INSERT INTO goals_teachers (goal_id, teacher_id) VALUES ('coding', 11);
INSERT INTO goals_teachers (goal_id, teacher_id) VALUES ('travel', 6);
INSERT INTO goals_teachers (goal_id, teacher_id) VALUES ('relocate', 6);
INSERT INTO goals_teachers (goal_id, teacher_id) VALUES ('study', 6);
INSERT INTO goals_teachers (goal_id, teacher_id) VALUES ('relocate', 1);
INSERT INTO goals_teachers (goal_id, teacher_id) VALUES ('study', 1);
INSERT INTO goals_teachers (goal_id, teacher_id) VALUES ('travel', 10);
INSERT INTO goals_teachers (goal_id, teacher_id) VALUES ('study', 10);
INSERT INTO goals_teachers (goal_id, teacher_id) VALUES ('work', 10);
INSERT INTO goals_teachers (goal_id, teacher_id) VALUES ('coding', 10);
INSERT INTO goals_teachers (goal_id, teacher_id) VALUES ('work', 9);
INSERT INTO goals_teachers (goal_id, teacher_id) VALUES ('coding', 9);
INSERT INTO goals_teachers (goal_id, teacher_id) VALUES ('travel', 4);
INSERT INTO goals_teachers (goal_id, teacher_id) VALUES ('study', 7);
INSERT INTO goals_teachers (goal_id, teacher_id) VALUES ('travel', 0);
INSERT INTO goals_teachers (goal_id, teacher_id) VALUES ('relocate', 0);
INSERT INTO goals_teachers (goal_id, teacher_id) VALUES ('study', 0);
INSERT INTO goals_teachers (goal_id, teacher_id) VALUES ('work', 2);
INSERT INTO goals_teachers (goal_id, teacher_id) VALUES ('travel', 5);
INSERT INTO goals_teachers (goal_id, teacher_id) VALUES ('study', 5);
INSERT INTO schedules (id, value, day_id, time_id, teacher_id) VALUES (1, 0, 'mon', 1, 0);
INSERT INTO schedules (id, value, day_id, time_id, teacher_id) VALUES (2, 1, 'tue', 1, 0);
INSERT INTO schedules (id, value, day_id, time_id, teacher_id) VALUES (3, 1, 'tue', 2, 0);
INSERT INTO schedules (id, value, day_id, time_id, teacher_id) VALUES (4, 1, 'wed', 2, 0);
INSERT INTO schedules (id, value, day_id, time_id, teacher_id) VALUES (5, 0, 'wed', 3, 0);
INSERT INTO schedules (id, value, day_id, time_id, teacher_id) VALUES (6, 0, 'thu', 3, 0);
INSERT INTO schedules (id, value, day_id, time_id, teacher_id) VALUES (7, 0, 'thu', 4, 0);
INSERT INTO schedules (id, value, day_id, time_id, teacher_id) VALUES (8, 0, 'fri', 4, 0);
INSERT INTO schedules (id, value, day_id, time_id, teacher_id) VALUES (9, 0, 'fri', 5, 0);
INSERT INTO schedules (id, value, day_id, time_id, teacher_id) VALUES (10, 1, 'sat', 5, 0);
INSERT INTO schedules (id, value, day_id, time_id, teacher_id) VALUES (11, 1, 'sat', 6, 0);
INSERT INTO schedules (id, value, day_id, time_id, teacher_id) VALUES (12, 1, 'sun', 6, 0);
INSERT INTO schedules (id, value, day_id, time_id, teacher_id) VALUES (13, 1, 'sun', 7, 0);
INSERT INTO schedules (id, value, day_id, time_id, teacher_id) VALUES (14, 0, 'sun', 8, 0);
INSERT INTO schedules (id, value, day_id, time_id, teacher_id) VALUES (15, 0, 'sun', 7, 1);
INSERT INTO schedules (id, value, day_id, time_id, teacher_id) VALUES (16, 0, 'sun', 8, 1);
INSERT INTO schedules (id, value, day_id, time_id, teacher_id) VALUES (17, 0, 'sun', 7, 2);
INSERT INTO schedules (id, value, day_id, time_id, teacher_id) VALUES (18, 0, 'sun', 8, 2);
INSERT INTO schedules (id, value, day_id, time_id, teacher_id) VALUES (19, 0, 'sun', 7, 3);
INSERT INTO schedules (id, value, day_id, time_id, teacher_id) VALUES (20, 0, 'sun', 8, 3);
INSERT INTO schedules (id, value, day_id, time_id, teacher_id) VALUES (21, 0, 'sun', 7, 4);
INSERT INTO schedules (id, value, day_id, time_id, teacher_id) VALUES (22, 0, 'sun', 8, 4);
INSERT INTO schedules (id, value, day_id, time_id, teacher_id) VALUES (23, 0, 'sun', 7, 5);
INSERT INTO schedules (id, value, day_id, time_id, teacher_id) VALUES (24, 0, 'sun', 8, 5);
INSERT INTO schedules (id, value, day_id, time_id, teacher_id) VALUES (25, 0, 'sun', 7, 6);
INSERT INTO schedules (id, value, day_id, time_id, teacher_id) VALUES (26, 0, 'sun', 8, 6);
INSERT INTO schedules (id, value, day_id, time_id, teacher_id) VALUES (27, 0, 'sun', 7, 7);
INSERT INTO schedules (id, value, day_id, time_id, teacher_id) VALUES (28, 0, 'sun', 8, 7);
INSERT INTO schedules (id, value, day_id, time_id, teacher_id) VALUES (29, 0, 'sun', 7, 8);
INSERT INTO schedules (id, value, day_id, time_id, teacher_id) VALUES (30, 0, 'sun', 8, 8);
INSERT INTO schedules (id, value, day_id, time_id, teacher_id) VALUES (31, 0, 'sun', 7, 9);
INSERT INTO schedules (id, value, day_id, time_id, teacher_id) VALUES (32, 0, 'sun', 8, 9);
INSERT INTO schedules (id, value, day_id, time_id, teacher_id) VALUES (33, 0, 'sun', 7, 10);
INSERT INTO schedules (id, value, day_id, time_id, teacher_id) VALUES (34, 0, 'sun', 8, 10);
INSERT INTO schedules (id, value, day_id, time_id, teacher_id) VALUES (35, 0, 'sun', 7, 11);
INSERT INTO schedules (id, value, day_id, time_id, teacher_id) VALUES (36, 0, 'sun', 8, 11);
INSERT INTO schedules (id, value, day_id, time_id, teacher_id) VALUES (37, 0, 'sun', 6, 1);
INSERT INTO schedules (id, value, day_id, time_id, teacher_id) VALUES (38, 0, 'sun', 6, 2);
INSERT INTO schedules (id, value, day_id, time_id, teacher_id) VALUES (39, 0, 'sun', 6, 3);
INSERT INTO schedules (id, value, day_id, time_id, teacher_id) VALUES (40, 0, 'sun', 6, 4);
INSERT INTO schedules (id, value, day_id, time_id, teacher_id) VALUES (41, 0, 'sun', 6, 5);
INSERT INTO schedules (id, value, day_id, time_id, teacher_id) VALUES (42, 0, 'sun', 6, 6);
INSERT INTO schedules (id, value, day_id, time_id, teacher_id) VALUES (43, 0, 'sun', 6, 7);
INSERT INTO schedules (id, value, day_id, time_id, teacher_id) VALUES (44, 0, 'sun', 6, 8);
INSERT INTO schedules (id, value, day_id, time_id, teacher_id) VALUES (45, 0, 'sun', 6, 9);
INSERT INTO schedules (id, value, day_id, time_id, teacher_id) VALUES (46, 0, 'sun', 6, 10);
INSERT INTO schedules (id, value, day_id, time_id, teacher_id) VALUES (47, 0, 'sun', 6, 11);
INSERT INTO schedules (id, value, day_id, time_id, teacher_id) VALUES (48, 1, 'sat', 7, 0);
INSERT INTO schedules (id, value, day_id, time_id, teacher_id) VALUES (49, 0, 'sat', 8, 0);
INSERT INTO schedules (id, value, day_id, time_id, teacher_id) VALUES (50, 0, 'sat', 6, 1);
INSERT INTO schedules (id, value, day_id, time_id, teacher_id) VALUES (51, 0, 'sat', 7, 1);
INSERT INTO schedules (id, value, day_id, time_id, teacher_id) VALUES (52, 0, 'sat', 8, 1);
INSERT INTO schedules (id, value, day_id, time_id, teacher_id) VALUES (53, 0, 'sat', 6, 2);
INSERT INTO schedules (id, value, day_id, time_id, teacher_id) VALUES (54, 0, 'sat', 7, 2);
INSERT INTO schedules (id, value, day_id, time_id, teacher_id) VALUES (55, 0, 'sat', 8, 2);
INSERT INTO schedules (id, value, day_id, time_id, teacher_id) VALUES (56, 0, 'sat', 6, 3);
INSERT INTO schedules (id, value, day_id, time_id, teacher_id) VALUES (57, 0, 'sat', 7, 3);
INSERT INTO schedules (id, value, day_id, time_id, teacher_id) VALUES (58, 0, 'sat', 8, 3);
INSERT INTO schedules (id, value, day_id, time_id, teacher_id) VALUES (59, 0, 'sat', 6, 4);
INSERT INTO schedules (id, value, day_id, time_id, teacher_id) VALUES (60, 0, 'sat', 7, 4);
INSERT INTO schedules (id, value, day_id, time_id, teacher_id) VALUES (61, 0, 'sat', 8, 4);
INSERT INTO schedules (id, value, day_id, time_id, teacher_id) VALUES (62, 0, 'sat', 6, 5);
INSERT INTO schedules (id, value, day_id, time_id, teacher_id) VALUES (63, 0, 'sat', 7, 5);
INSERT INTO schedules (id, value, day_id, time_id, teacher_id) VALUES (64, 0, 'sat', 8, 5);
INSERT INTO schedules (id, value, day_id, time_id, teacher_id) VALUES (65, 0, 'sat', 6, 6);
INSERT INTO schedules (id, value, day_id, time_id, teacher_id) VALUES (66, 0, 'sat', 7, 6);
INSERT INTO schedules (id, value, day_id, time_id, teacher_id) VALUES (67, 0, 'sat', 8, 6);
INSERT INTO schedules (id, value, day_id, time_id, teacher_id) VALUES (68, 0, 'sat', 6, 7);
INSERT INTO schedules (id, value, day_id, time_id, teacher_id) VALUES (69, 0, 'sat', 7, 7);
INSERT INTO schedules (id, value, day_id, time_id, teacher_id) VALUES (70, 0, 'sat', 8, 7);
INSERT INTO schedules (id, value, day_id, time_id, teacher_id) VALUES (71, 0, 'sat', 6, 8);
INSERT INTO schedules (id, value, day_id, time_id, teacher_id) VALUES (72, 0, 'sat', 7, 8);
INSERT INTO schedules (id, value, day_id, time_id, teacher_id) VALUES (73, 0, 'sat', 8, 8);
INSERT INTO schedules (id, value, day_id, time_id, teacher_id) VALUES (74, 0, 'sat', 6, 9);
INSERT INTO schedules (id, value, day_id, time_id, teacher_id) VALUES (75, 0, 'sat', 7, 9);
INSERT INTO schedules (id, value, day_id, time_id, teacher_id) VALUES (76, 0, 'sat', 8, 9);
INSERT INTO schedules (id, value, day_id, time_id, teacher_id) VALUES (77, 0, 'sat', 6, 10);
INSERT INTO schedules (id, value, day_id, time_id, teacher_id) VALUES (78, 0, 'sat', 7, 10);
INSERT INTO schedules (id, value, day_id, time_id, teacher_id) VALUES (79, 0, 'sat', 8, 10);
INSERT INTO schedules (id, value, day_id, time_id, teacher_id) VALUES (80, 0, 'sat', 6, 11);
INSERT INTO schedules (id, value, day_id, time_id, teacher_id) VALUES (81, 0, 'sat', 7, 11);
INSERT INTO schedules (id, value, day_id, time_id, teacher_id) VALUES (82, 0, 'sat', 8, 11);
INSERT INTO schedules (id, value, day_id, time_id, teacher_id) VALUES (83, 1, 'sun', 5, 0);
INSERT INTO schedules (id, value, day_id, time_id, teacher_id) VALUES (84, 0, 'sat', 5, 1);
INSERT INTO schedules (id, value, day_id, time_id, teacher_id) VALUES (85, 0, 'sun', 5, 1);
INSERT INTO schedules (id, value, day_id, time_id, teacher_id) VALUES (86, 0, 'sat', 5, 2);
INSERT INTO schedules (id, value, day_id, time_id, teacher_id) VALUES (87, 0, 'sun', 5, 2);
INSERT INTO schedules (id, value, day_id, time_id, teacher_id) VALUES (88, 0, 'sat', 5, 3);
INSERT INTO schedules (id, value, day_id, time_id, teacher_id) VALUES (89, 0, 'sun', 5, 3);
INSERT INTO schedules (id, value, day_id, time_id, teacher_id) VALUES (90, 0, 'sat', 5, 4);
INSERT INTO schedules (id, value, day_id, time_id, teacher_id) VALUES (91, 0, 'sun', 5, 4);
INSERT INTO schedules (id, value, day_id, time_id, teacher_id) VALUES (92, 0, 'sat', 5, 5);
INSERT INTO schedules (id, value, day_id, time_id, teacher_id) VALUES (93, 0, 'sun', 5, 5);
INSERT INTO schedules (id, value, day_id, time_id, teacher_id) VALUES (94, 0, 'sat', 5, 6);
INSERT INTO schedules (id, value, day_id, time_id, teacher_id) VALUES (95, 0, 'sun', 5, 6);
INSERT INTO schedules (id, value, day_id, time_id, teacher_id) VALUES (96, 0, 'sat', 5, 7);
INSERT INTO schedules (id, value, day_id, time_id, teacher_id) VALUES (97, 0, 'sun', 5, 7);
INSERT INTO schedules (id, value, day_id, time_id, teacher_id) VALUES (98, 0, 'sat', 5, 8);
INSERT INTO schedules (id, value, day_id, time_id, teacher_id) VALUES (99, 0, 'sun', 5, 8);
INSERT INTO schedules (id, value, day_id, time_id, teacher_id) VALUES (100, 0, 'sat', 5, 9);
INSERT INTO schedules (id, value, day_id, time_id, teacher_id) VALUES (101, 0, 'sun', 5, 9);
INSERT INTO schedules (id, value, day_id, time_id, teacher_id) VALUES (102, 0, 'sat', 5, 10);
INSERT INTO schedules (id, value, day_id, time_id, teacher_id) VALUES (103, 0, 'sun', 5, 10);
INSERT INTO schedules (id, value, day_id, time_id, teacher_id) VALUES (104, 0, 'sat', 5, 11);
INSERT INTO schedules (id, value, day_id, time_id, teacher_id) VALUES (105, 0, 'sun', 5, 11);
INSERT INTO schedules (id, value, day_id, time_id, teacher_id) VALUES (106, 0, 'fri', 6, 0);
INSERT INTO schedules (id, value, day_id, time_id, teacher_id) VALUES (107, 0, 'fri', 7, 0);
INSERT INTO schedules (id, value, day_id, time_id, teacher_id) VALUES (108, 0, 'fri', 8, 0);
INSERT INTO schedules (id, value, day_id, time_id, teacher_id) VALUES (109, 0, 'fri', 5, 1);
INSERT INTO schedules (id, value, day_id, time_id, teacher_id) VALUES (110, 0, 'fri', 6, 1);
INSERT INTO schedules (id, value, day_id, time_id, teacher_id) VALUES (111, 0, 'fri', 7, 1);
INSERT INTO schedules (id, value, day_id, time_id, teacher_id) VALUES (112, 0, 'fri', 8, 1);
INSERT INTO schedules (id, value, day_id, time_id, teacher_id) VALUES (113, 1, 'fri', 5, 2);
INSERT INTO schedules (id, value, day_id, time_id, teacher_id) VALUES (114, 1, 'fri', 6, 2);
INSERT INTO schedules (id, value, day_id, time_id, teacher_id) VALUES (115, 1, 'fri', 7, 2);
INSERT INTO schedules (id, value, day_id, time_id, teacher_id) VALUES (116, 1, 'fri', 8, 2);
INSERT INTO schedules (id, value, day_id, time_id, teacher_id) VALUES (117, 0, 'fri', 5, 3);
INSERT INTO schedules (id, value, day_id, time_id, teacher_id) VALUES (118, 0, 'fri', 6, 3);
INSERT INTO schedules (id, value, day_id, time_id, teacher_id) VALUES (119, 0, 'fri', 7, 3);
INSERT INTO schedules (id, value, day_id, time_id, teacher_id) VALUES (120, 0, 'fri', 8, 3);
INSERT INTO schedules (id, value, day_id, time_id, teacher_id) VALUES (121, 0, 'fri', 5, 4);
INSERT INTO schedules (id, value, day_id, time_id, teacher_id) VALUES (122, 0, 'fri', 6, 4);
INSERT INTO schedules (id, value, day_id, time_id, teacher_id) VALUES (123, 0, 'fri', 7, 4);
INSERT INTO schedules (id, value, day_id, time_id, teacher_id) VALUES (124, 0, 'fri', 8, 4);
INSERT INTO schedules (id, value, day_id, time_id, teacher_id) VALUES (125, 0, 'fri', 5, 5);
INSERT INTO schedules (id, value, day_id, time_id, teacher_id) VALUES (126, 0, 'fri', 6, 5);
INSERT INTO schedules (id, value, day_id, time_id, teacher_id) VALUES (127, 0, 'fri', 7, 5);
INSERT INTO schedules (id, value, day_id, time_id, teacher_id) VALUES (128, 0, 'fri', 8, 5);
INSERT INTO schedules (id, value, day_id, time_id, teacher_id) VALUES (129, 0, 'fri', 5, 6);
INSERT INTO schedules (id, value, day_id, time_id, teacher_id) VALUES (130, 0, 'fri', 6, 6);
INSERT INTO schedules (id, value, day_id, time_id, teacher_id) VALUES (131, 0, 'fri', 7, 6);
INSERT INTO schedules (id, value, day_id, time_id, teacher_id) VALUES (132, 0, 'fri', 8, 6);
INSERT INTO schedules (id, value, day_id, time_id, teacher_id) VALUES (133, 0, 'fri', 5, 7);
INSERT INTO schedules (id, value, day_id, time_id, teacher_id) VALUES (134, 0, 'fri', 6, 7);
INSERT INTO schedules (id, value, day_id, time_id, teacher_id) VALUES (135, 0, 'fri', 7, 7);
INSERT INTO schedules (id, value, day_id, time_id, teacher_id) VALUES (136, 0, 'fri', 8, 7);
INSERT INTO schedules (id, value, day_id, time_id, teacher_id) VALUES (137, 0, 'fri', 5, 8);
INSERT INTO schedules (id, value, day_id, time_id, teacher_id) VALUES (138, 0, 'fri', 6, 8);
INSERT INTO schedules (id, value, day_id, time_id, teacher_id) VALUES (139, 0, 'fri', 7, 8);
INSERT INTO schedules (id, value, day_id, time_id, teacher_id) VALUES (140, 0, 'fri', 8, 8);
INSERT INTO schedules (id, value, day_id, time_id, teacher_id) VALUES (141, 0, 'fri', 5, 9);
INSERT INTO schedules (id, value, day_id, time_id, teacher_id) VALUES (142, 0, 'fri', 6, 9);
INSERT INTO schedules (id, value, day_id, time_id, teacher_id) VALUES (143, 0, 'fri', 7, 9);
INSERT INTO schedules (id, value, day_id, time_id, teacher_id) VALUES (144, 0, 'fri', 8, 9);
INSERT INTO schedules (id, value, day_id, time_id, teacher_id) VALUES (145, 0, 'fri', 5, 10);
INSERT INTO schedules (id, value, day_id, time_id, teacher_id) VALUES (146, 0, 'fri', 6, 10);
INSERT INTO schedules (id, value, day_id, time_id, teacher_id) VALUES (147, 0, 'fri', 7, 10);
INSERT INTO schedules (id, value, day_id, time_id, teacher_id) VALUES (148, 0, 'fri', 8, 10);
INSERT INTO schedules (id, value, day_id, time_id, teacher_id) VALUES (149, 0, 'fri', 5, 11);
INSERT INTO schedules (id, value, day_id, time_id, teacher_id) VALUES (150, 0, 'fri', 6, 11);
INSERT INTO schedules (id, value, day_id, time_id, teacher_id) VALUES (151, 0, 'fri', 7, 11);
INSERT INTO schedules (id, value, day_id, time_id, teacher_id) VALUES (152, 0, 'fri', 8, 11);
INSERT INTO schedules (id, value, day_id, time_id, teacher_id) VALUES (153, 0, 'sat', 4, 0);
INSERT INTO schedules (id, value, day_id, time_id, teacher_id) VALUES (154, 0, 'sun', 4, 0);
INSERT INTO schedules (id, value, day_id, time_id, teacher_id) VALUES (155, 0, 'fri', 4, 1);
INSERT INTO schedules (id, value, day_id, time_id, teacher_id) VALUES (156, 0, 'sat', 4, 1);
INSERT INTO schedules (id, value, day_id, time_id, teacher_id) VALUES (157, 0, 'sun', 4, 1);
INSERT INTO schedules (id, value, day_id, time_id, teacher_id) VALUES (158, 1, 'fri', 4, 2);
INSERT INTO schedules (id, value, day_id, time_id, teacher_id) VALUES (159, 0, 'sat', 4, 2);
INSERT INTO schedules (id, value, day_id, time_id, teacher_id) VALUES (160, 0, 'sun', 4, 2);
INSERT INTO schedules (id, value, day_id, time_id, teacher_id) VALUES (161, 0, 'fri', 4, 3);
INSERT INTO schedules (id, value, day_id, time_id, teacher_id) VALUES (162, 0, 'sat', 4, 3);
INSERT INTO schedules (id, value, day_id, time_id, teacher_id) VALUES (163, 0, 'sun', 4, 3);
INSERT INTO schedules (id, value, day_id, time_id, teacher_id) VALUES (164, 0, 'fri', 4, 4);
INSERT INTO schedules (id, value, day_id, time_id, teacher_id) VALUES (165, 0, 'sat', 4, 4);
INSERT INTO schedules (id, value, day_id, time_id, teacher_id) VALUES (166, 0, 'sun', 4, 4);
INSERT INTO schedules (id, value, day_id, time_id, teacher_id) VALUES (167, 0, 'fri', 4, 5);
INSERT INTO schedules (id, value, day_id, time_id, teacher_id) VALUES (168, 0, 'sat', 4, 5);
INSERT INTO schedules (id, value, day_id, time_id, teacher_id) VALUES (169, 0, 'sun', 4, 5);
INSERT INTO schedules (id, value, day_id, time_id, teacher_id) VALUES (170, 0, 'fri', 4, 6);
INSERT INTO schedules (id, value, day_id, time_id, teacher_id) VALUES (171, 0, 'sat', 4, 6);
INSERT INTO schedules (id, value, day_id, time_id, teacher_id) VALUES (172, 0, 'sun', 4, 6);
INSERT INTO schedules (id, value, day_id, time_id, teacher_id) VALUES (173, 0, 'fri', 4, 7);
INSERT INTO schedules (id, value, day_id, time_id, teacher_id) VALUES (174, 0, 'sat', 4, 7);
INSERT INTO schedules (id, value, day_id, time_id, teacher_id) VALUES (175, 0, 'sun', 4, 7);
INSERT INTO schedules (id, value, day_id, time_id, teacher_id) VALUES (176, 0, 'fri', 4, 8);
INSERT INTO schedules (id, value, day_id, time_id, teacher_id) VALUES (177, 0, 'sat', 4, 8);
INSERT INTO schedules (id, value, day_id, time_id, teacher_id) VALUES (178, 0, 'sun', 4, 8);
INSERT INTO schedules (id, value, day_id, time_id, teacher_id) VALUES (179, 0, 'fri', 4, 9);
INSERT INTO schedules (id, value, day_id, time_id, teacher_id) VALUES (180, 0, 'sat', 4, 9);
INSERT INTO schedules (id, value, day_id, time_id, teacher_id) VALUES (181, 0, 'sun', 4, 9);
INSERT INTO schedules (id, value, day_id, time_id, teacher_id) VALUES (182, 0, 'fri', 4, 10);
INSERT INTO schedules (id, value, day_id, time_id, teacher_id) VALUES (183, 0, 'sat', 4, 10);
INSERT INTO schedules (id, value, day_id, time_id, teacher_id) VALUES (184, 0, 'sun', 4, 10);
INSERT INTO schedules (id, value, day_id, time_id, teacher_id) VALUES (185, 0, 'fri', 4, 11);
INSERT INTO schedules (id, value, day_id, time_id, teacher_id) VALUES (186, 0, 'sat', 4, 11);
INSERT INTO schedules (id, value, day_id, time_id, teacher_id) VALUES (187, 0, 'sun', 4, 11);
INSERT INTO schedules (id, value, day_id, time_id, teacher_id) VALUES (188, 0, 'thu', 5, 0);
INSERT INTO schedules (id, value, day_id, time_id, teacher_id) VALUES (189, 0, 'thu', 6, 0);
INSERT INTO schedules (id, value, day_id, time_id, teacher_id) VALUES (190, 0, 'thu', 7, 0);
INSERT INTO schedules (id, value, day_id, time_id, teacher_id) VALUES (191, 0, 'thu', 8, 0);
INSERT INTO schedules (id, value, day_id, time_id, teacher_id) VALUES (192, 0, 'thu', 4, 1);
INSERT INTO schedules (id, value, day_id, time_id, teacher_id) VALUES (193, 1, 'thu', 5, 1);
INSERT INTO schedules (id, value, day_id, time_id, teacher_id) VALUES (194, 1, 'thu', 6, 1);
INSERT INTO schedules (id, value, day_id, time_id, teacher_id) VALUES (195, 1, 'thu', 7, 1);
INSERT INTO schedules (id, value, day_id, time_id, teacher_id) VALUES (196, 1, 'thu', 8, 1);
INSERT INTO schedules (id, value, day_id, time_id, teacher_id) VALUES (197, 1, 'thu', 4, 2);
INSERT INTO schedules (id, value, day_id, time_id, teacher_id) VALUES (198, 1, 'thu', 5, 2);
INSERT INTO schedules (id, value, day_id, time_id, teacher_id) VALUES (199, 1, 'thu', 6, 2);
INSERT INTO schedules (id, value, day_id, time_id, teacher_id) VALUES (200, 1, 'thu', 7, 2);
INSERT INTO schedules (id, value, day_id, time_id, teacher_id) VALUES (201, 1, 'thu', 8, 2);
INSERT INTO schedules (id, value, day_id, time_id, teacher_id) VALUES (202, 0, 'thu', 4, 3);
INSERT INTO schedules (id, value, day_id, time_id, teacher_id) VALUES (203, 0, 'thu', 5, 3);
INSERT INTO schedules (id, value, day_id, time_id, teacher_id) VALUES (204, 0, 'thu', 6, 3);
INSERT INTO schedules (id, value, day_id, time_id, teacher_id) VALUES (205, 0, 'thu', 7, 3);
INSERT INTO schedules (id, value, day_id, time_id, teacher_id) VALUES (206, 0, 'thu', 8, 3);
INSERT INTO schedules (id, value, day_id, time_id, teacher_id) VALUES (207, 0, 'thu', 4, 4);
INSERT INTO schedules (id, value, day_id, time_id, teacher_id) VALUES (208, 1, 'thu', 5, 4);
INSERT INTO schedules (id, value, day_id, time_id, teacher_id) VALUES (209, 1, 'thu', 6, 4);
INSERT INTO schedules (id, value, day_id, time_id, teacher_id) VALUES (210, 1, 'thu', 7, 4);
INSERT INTO schedules (id, value, day_id, time_id, teacher_id) VALUES (211, 1, 'thu', 8, 4);
INSERT INTO schedules (id, value, day_id, time_id, teacher_id) VALUES (212, 0, 'thu', 4, 5);
INSERT INTO schedules (id, value, day_id, time_id, teacher_id) VALUES (213, 1, 'thu', 5, 5);
INSERT INTO schedules (id, value, day_id, time_id, teacher_id) VALUES (214, 1, 'thu', 6, 5);
INSERT INTO schedules (id, value, day_id, time_id, teacher_id) VALUES (215, 1, 'thu', 7, 5);
INSERT INTO schedules (id, value, day_id, time_id, teacher_id) VALUES (216, 1, 'thu', 8, 5);
INSERT INTO schedules (id, value, day_id, time_id, teacher_id) VALUES (217, 0, 'thu', 4, 6);
INSERT INTO schedules (id, value, day_id, time_id, teacher_id) VALUES (218, 1, 'thu', 5, 6);
INSERT INTO schedules (id, value, day_id, time_id, teacher_id) VALUES (219, 1, 'thu', 6, 6);
INSERT INTO schedules (id, value, day_id, time_id, teacher_id) VALUES (220, 1, 'thu', 7, 6);
INSERT INTO schedules (id, value, day_id, time_id, teacher_id) VALUES (221, 1, 'thu', 8, 6);
INSERT INTO schedules (id, value, day_id, time_id, teacher_id) VALUES (222, 0, 'thu', 4, 7);
INSERT INTO schedules (id, value, day_id, time_id, teacher_id) VALUES (223, 1, 'thu', 5, 7);
INSERT INTO schedules (id, value, day_id, time_id, teacher_id) VALUES (224, 1, 'thu', 6, 7);
INSERT INTO schedules (id, value, day_id, time_id, teacher_id) VALUES (225, 1, 'thu', 7, 7);
INSERT INTO schedules (id, value, day_id, time_id, teacher_id) VALUES (226, 1, 'thu', 8, 7);
INSERT INTO schedules (id, value, day_id, time_id, teacher_id) VALUES (227, 0, 'thu', 4, 8);
INSERT INTO schedules (id, value, day_id, time_id, teacher_id) VALUES (228, 1, 'thu', 5, 8);
INSERT INTO schedules (id, value, day_id, time_id, teacher_id) VALUES (229, 1, 'thu', 6, 8);
INSERT INTO schedules (id, value, day_id, time_id, teacher_id) VALUES (230, 1, 'thu', 7, 8);
INSERT INTO schedules (id, value, day_id, time_id, teacher_id) VALUES (231, 1, 'thu', 8, 8);
INSERT INTO schedules (id, value, day_id, time_id, teacher_id) VALUES (232, 0, 'thu', 4, 9);
INSERT INTO schedules (id, value, day_id, time_id, teacher_id) VALUES (233, 1, 'thu', 5, 9);
INSERT INTO schedules (id, value, day_id, time_id, teacher_id) VALUES (234, 1, 'thu', 6, 9);
INSERT INTO schedules (id, value, day_id, time_id, teacher_id) VALUES (235, 1, 'thu', 7, 9);
INSERT INTO schedules (id, value, day_id, time_id, teacher_id) VALUES (236, 1, 'thu', 8, 9);
INSERT INTO schedules (id, value, day_id, time_id, teacher_id) VALUES (237, 0, 'thu', 4, 10);
INSERT INTO schedules (id, value, day_id, time_id, teacher_id) VALUES (238, 1, 'thu', 5, 10);
INSERT INTO schedules (id, value, day_id, time_id, teacher_id) VALUES (239, 1, 'thu', 6, 10);
INSERT INTO schedules (id, value, day_id, time_id, teacher_id) VALUES (240, 1, 'thu', 7, 10);
INSERT INTO schedules (id, value, day_id, time_id, teacher_id) VALUES (241, 1, 'thu', 8, 10);
INSERT INTO schedules (id, value, day_id, time_id, teacher_id) VALUES (242, 0, 'thu', 4, 11);
INSERT INTO schedules (id, value, day_id, time_id, teacher_id) VALUES (243, 1, 'thu', 5, 11);
INSERT INTO schedules (id, value, day_id, time_id, teacher_id) VALUES (244, 1, 'thu', 6, 11);
INSERT INTO schedules (id, value, day_id, time_id, teacher_id) VALUES (245, 1, 'thu', 7, 11);
INSERT INTO schedules (id, value, day_id, time_id, teacher_id) VALUES (246, 1, 'thu', 8, 11);
INSERT INTO schedules (id, value, day_id, time_id, teacher_id) VALUES (247, 0, 'fri', 3, 0);
INSERT INTO schedules (id, value, day_id, time_id, teacher_id) VALUES (248, 0, 'sat', 3, 0);
INSERT INTO schedules (id, value, day_id, time_id, teacher_id) VALUES (249, 0, 'sun', 3, 0);
INSERT INTO schedules (id, value, day_id, time_id, teacher_id) VALUES (250, 0, 'thu', 3, 1);
INSERT INTO schedules (id, value, day_id, time_id, teacher_id) VALUES (251, 0, 'fri', 3, 1);
INSERT INTO schedules (id, value, day_id, time_id, teacher_id) VALUES (252, 0, 'sat', 3, 1);
INSERT INTO schedules (id, value, day_id, time_id, teacher_id) VALUES (253, 0, 'sun', 3, 1);
INSERT INTO schedules (id, value, day_id, time_id, teacher_id) VALUES (254, 1, 'thu', 3, 2);
INSERT INTO schedules (id, value, day_id, time_id, teacher_id) VALUES (255, 1, 'fri', 3, 2);
INSERT INTO schedules (id, value, day_id, time_id, teacher_id) VALUES (256, 0, 'sat', 3, 2);
INSERT INTO schedules (id, value, day_id, time_id, teacher_id) VALUES (257, 0, 'sun', 3, 2);
INSERT INTO schedules (id, value, day_id, time_id, teacher_id) VALUES (258, 0, 'thu', 3, 3);
INSERT INTO schedules (id, value, day_id, time_id, teacher_id) VALUES (259, 0, 'fri', 3, 3);
INSERT INTO schedules (id, value, day_id, time_id, teacher_id) VALUES (260, 0, 'sat', 3, 3);
INSERT INTO schedules (id, value, day_id, time_id, teacher_id) VALUES (261, 0, 'sun', 3, 3);
INSERT INTO schedules (id, value, day_id, time_id, teacher_id) VALUES (262, 0, 'thu', 3, 4);
INSERT INTO schedules (id, value, day_id, time_id, teacher_id) VALUES (263, 0, 'fri', 3, 4);
INSERT INTO schedules (id, value, day_id, time_id, teacher_id) VALUES (264, 0, 'sat', 3, 4);
INSERT INTO schedules (id, value, day_id, time_id, teacher_id) VALUES (265, 0, 'sun', 3, 4);
INSERT INTO schedules (id, value, day_id, time_id, teacher_id) VALUES (266, 0, 'thu', 3, 5);
INSERT INTO schedules (id, value, day_id, time_id, teacher_id) VALUES (267, 0, 'fri', 3, 5);
INSERT INTO schedules (id, value, day_id, time_id, teacher_id) VALUES (268, 0, 'sat', 3, 5);
INSERT INTO schedules (id, value, day_id, time_id, teacher_id) VALUES (269, 0, 'sun', 3, 5);
INSERT INTO schedules (id, value, day_id, time_id, teacher_id) VALUES (270, 0, 'thu', 3, 6);
INSERT INTO schedules (id, value, day_id, time_id, teacher_id) VALUES (271, 0, 'fri', 3, 6);
INSERT INTO schedules (id, value, day_id, time_id, teacher_id) VALUES (272, 0, 'sat', 3, 6);
INSERT INTO schedules (id, value, day_id, time_id, teacher_id) VALUES (273, 0, 'sun', 3, 6);
INSERT INTO schedules (id, value, day_id, time_id, teacher_id) VALUES (274, 0, 'thu', 3, 7);
INSERT INTO schedules (id, value, day_id, time_id, teacher_id) VALUES (275, 0, 'fri', 3, 7);
INSERT INTO schedules (id, value, day_id, time_id, teacher_id) VALUES (276, 0, 'sat', 3, 7);
INSERT INTO schedules (id, value, day_id, time_id, teacher_id) VALUES (277, 0, 'sun', 3, 7);
INSERT INTO schedules (id, value, day_id, time_id, teacher_id) VALUES (278, 0, 'thu', 3, 8);
INSERT INTO schedules (id, value, day_id, time_id, teacher_id) VALUES (279, 0, 'fri', 3, 8);
INSERT INTO schedules (id, value, day_id, time_id, teacher_id) VALUES (280, 0, 'sat', 3, 8);
INSERT INTO schedules (id, value, day_id, time_id, teacher_id) VALUES (281, 0, 'sun', 3, 8);
INSERT INTO schedules (id, value, day_id, time_id, teacher_id) VALUES (282, 0, 'thu', 3, 9);
INSERT INTO schedules (id, value, day_id, time_id, teacher_id) VALUES (283, 0, 'fri', 3, 9);
INSERT INTO schedules (id, value, day_id, time_id, teacher_id) VALUES (284, 0, 'sat', 3, 9);
INSERT INTO schedules (id, value, day_id, time_id, teacher_id) VALUES (285, 0, 'sun', 3, 9);
INSERT INTO schedules (id, value, day_id, time_id, teacher_id) VALUES (286, 0, 'thu', 3, 10);
INSERT INTO schedules (id, value, day_id, time_id, teacher_id) VALUES (287, 0, 'fri', 3, 10);
INSERT INTO schedules (id, value, day_id, time_id, teacher_id) VALUES (288, 0, 'sat', 3, 10);
INSERT INTO schedules (id, value, day_id, time_id, teacher_id) VALUES (289, 0, 'sun', 3, 10);
INSERT INTO schedules (id, value, day_id, time_id, teacher_id) VALUES (290, 0, 'thu', 3, 11);
INSERT INTO schedules (id, value, day_id, time_id, teacher_id) VALUES (291, 0, 'fri', 3, 11);
INSERT INTO schedules (id, value, day_id, time_id, teacher_id) VALUES (292, 0, 'sat', 3, 11);
INSERT INTO schedules (id, value, day_id, time_id, teacher_id) VALUES (293, 0, 'sun', 3, 11);
INSERT INTO schedules (id, value, day_id, time_id, teacher_id) VALUES (294, 0, 'wed', 4, 0);
INSERT INTO schedules (id, value, day_id, time_id, teacher_id) VALUES (295, 0, 'wed', 5, 0);
INSERT INTO schedules (id, value, day_id, time_id, teacher_id) VALUES (296, 0, 'wed', 6, 0);
INSERT INTO schedules (id, value, day_id, time_id, teacher_id) VALUES (297, 0, 'wed', 7, 0);
INSERT INTO schedules (id, value, day_id, time_id, teacher_id) VALUES (298, 0, 'wed', 8, 0);
INSERT INTO schedules (id, value, day_id, time_id, teacher_id) VALUES (299, 0, 'wed', 3, 1);
INSERT INTO schedules (id, value, day_id, time_id, teacher_id) VALUES (300, 0, 'wed', 4, 1);
INSERT INTO schedules (id, value, day_id, time_id, teacher_id) VALUES (301, 1, 'wed', 5, 1);
INSERT INTO schedules (id, value, day_id, time_id, teacher_id) VALUES (302, 1, 'wed', 6, 1);
INSERT INTO schedules (id, value, day_id, time_id, teacher_id) VALUES (303, 1, 'wed', 7, 1);
INSERT INTO schedules (id, value, day_id, time_id, teacher_id) VALUES (304, 1, 'wed', 8, 1);
INSERT INTO schedules (id, value, day_id, time_id, teacher_id) VALUES (305, 1, 'wed', 3, 2);
INSERT INTO schedules (id, value, day_id, time_id, teacher_id) VALUES (306, 1, 'wed', 4, 2);
INSERT INTO schedules (id, value, day_id, time_id, teacher_id) VALUES (307, 1, 'wed', 5, 2);
INSERT INTO schedules (id, value, day_id, time_id, teacher_id) VALUES (308, 1, 'wed', 6, 2);
INSERT INTO schedules (id, value, day_id, time_id, teacher_id) VALUES (309, 1, 'wed', 7, 2);
INSERT INTO schedules (id, value, day_id, time_id, teacher_id) VALUES (310, 1, 'wed', 8, 2);
INSERT INTO schedules (id, value, day_id, time_id, teacher_id) VALUES (311, 0, 'wed', 3, 3);
INSERT INTO schedules (id, value, day_id, time_id, teacher_id) VALUES (312, 0, 'wed', 4, 3);
INSERT INTO schedules (id, value, day_id, time_id, teacher_id) VALUES (313, 0, 'wed', 5, 3);
INSERT INTO schedules (id, value, day_id, time_id, teacher_id) VALUES (314, 0, 'wed', 6, 3);
INSERT INTO schedules (id, value, day_id, time_id, teacher_id) VALUES (315, 0, 'wed', 7, 3);
INSERT INTO schedules (id, value, day_id, time_id, teacher_id) VALUES (316, 0, 'wed', 8, 3);
INSERT INTO schedules (id, value, day_id, time_id, teacher_id) VALUES (317, 0, 'wed', 3, 4);
INSERT INTO schedules (id, value, day_id, time_id, teacher_id) VALUES (318, 0, 'wed', 4, 4);
INSERT INTO schedules (id, value, day_id, time_id, teacher_id) VALUES (319, 1, 'wed', 5, 4);
INSERT INTO schedules (id, value, day_id, time_id, teacher_id) VALUES (320, 1, 'wed', 6, 4);
INSERT INTO schedules (id, value, day_id, time_id, teacher_id) VALUES (321, 1, 'wed', 7, 4);
INSERT INTO schedules (id, value, day_id, time_id, teacher_id) VALUES (322, 1, 'wed', 8, 4);
INSERT INTO schedules (id, value, day_id, time_id, teacher_id) VALUES (323, 0, 'wed', 3, 5);
INSERT INTO schedules (id, value, day_id, time_id, teacher_id) VALUES (324, 0, 'wed', 4, 5);
INSERT INTO schedules (id, value, day_id, time_id, teacher_id) VALUES (325, 1, 'wed', 5, 5);
INSERT INTO schedules (id, value, day_id, time_id, teacher_id) VALUES (326, 1, 'wed', 6, 5);
INSERT INTO schedules (id, value, day_id, time_id, teacher_id) VALUES (327, 1, 'wed', 7, 5);
INSERT INTO schedules (id, value, day_id, time_id, teacher_id) VALUES (328, 1, 'wed', 8, 5);
INSERT INTO schedules (id, value, day_id, time_id, teacher_id) VALUES (329, 0, 'wed', 3, 6);
INSERT INTO schedules (id, value, day_id, time_id, teacher_id) VALUES (330, 0, 'wed', 4, 6);
INSERT INTO schedules (id, value, day_id, time_id, teacher_id) VALUES (331, 1, 'wed', 5, 6);
INSERT INTO schedules (id, value, day_id, time_id, teacher_id) VALUES (332, 1, 'wed', 6, 6);
INSERT INTO schedules (id, value, day_id, time_id, teacher_id) VALUES (333, 1, 'wed', 7, 6);
INSERT INTO schedules (id, value, day_id, time_id, teacher_id) VALUES (334, 1, 'wed', 8, 6);
INSERT INTO schedules (id, value, day_id, time_id, teacher_id) VALUES (335, 0, 'wed', 3, 7);
INSERT INTO schedules (id, value, day_id, time_id, teacher_id) VALUES (336, 0, 'wed', 4, 7);
INSERT INTO schedules (id, value, day_id, time_id, teacher_id) VALUES (337, 1, 'wed', 5, 7);
INSERT INTO schedules (id, value, day_id, time_id, teacher_id) VALUES (338, 1, 'wed', 6, 7);
INSERT INTO schedules (id, value, day_id, time_id, teacher_id) VALUES (339, 1, 'wed', 7, 7);
INSERT INTO schedules (id, value, day_id, time_id, teacher_id) VALUES (340, 1, 'wed', 8, 7);
INSERT INTO schedules (id, value, day_id, time_id, teacher_id) VALUES (341, 0, 'wed', 3, 8);
INSERT INTO schedules (id, value, day_id, time_id, teacher_id) VALUES (342, 0, 'wed', 4, 8);
INSERT INTO schedules (id, value, day_id, time_id, teacher_id) VALUES (343, 1, 'wed', 5, 8);
INSERT INTO schedules (id, value, day_id, time_id, teacher_id) VALUES (344, 1, 'wed', 6, 8);
INSERT INTO schedules (id, value, day_id, time_id, teacher_id) VALUES (345, 1, 'wed', 7, 8);
INSERT INTO schedules (id, value, day_id, time_id, teacher_id) VALUES (346, 1, 'wed', 8, 8);
INSERT INTO schedules (id, value, day_id, time_id, teacher_id) VALUES (347, 0, 'wed', 3, 9);
INSERT INTO schedules (id, value, day_id, time_id, teacher_id) VALUES (348, 0, 'wed', 4, 9);
INSERT INTO schedules (id, value, day_id, time_id, teacher_id) VALUES (349, 1, 'wed', 5, 9);
INSERT INTO schedules (id, value, day_id, time_id, teacher_id) VALUES (350, 1, 'wed', 6, 9);
INSERT INTO schedules (id, value, day_id, time_id, teacher_id) VALUES (351, 1, 'wed', 7, 9);
INSERT INTO schedules (id, value, day_id, time_id, teacher_id) VALUES (352, 1, 'wed', 8, 9);
INSERT INTO schedules (id, value, day_id, time_id, teacher_id) VALUES (353, 0, 'wed', 3, 10);
INSERT INTO schedules (id, value, day_id, time_id, teacher_id) VALUES (354, 0, 'wed', 4, 10);
INSERT INTO schedules (id, value, day_id, time_id, teacher_id) VALUES (355, 1, 'wed', 5, 10);
INSERT INTO schedules (id, value, day_id, time_id, teacher_id) VALUES (356, 1, 'wed', 6, 10);
INSERT INTO schedules (id, value, day_id, time_id, teacher_id) VALUES (357, 1, 'wed', 7, 10);
INSERT INTO schedules (id, value, day_id, time_id, teacher_id) VALUES (358, 1, 'wed', 8, 10);
INSERT INTO schedules (id, value, day_id, time_id, teacher_id) VALUES (359, 0, 'wed', 3, 11);
INSERT INTO schedules (id, value, day_id, time_id, teacher_id) VALUES (360, 0, 'wed', 4, 11);
INSERT INTO schedules (id, value, day_id, time_id, teacher_id) VALUES (361, 1, 'wed', 5, 11);
INSERT INTO schedules (id, value, day_id, time_id, teacher_id) VALUES (362, 1, 'wed', 6, 11);
INSERT INTO schedules (id, value, day_id, time_id, teacher_id) VALUES (363, 1, 'wed', 7, 11);
INSERT INTO schedules (id, value, day_id, time_id, teacher_id) VALUES (364, 1, 'wed', 8, 11);
INSERT INTO schedules (id, value, day_id, time_id, teacher_id) VALUES (365, 1, 'thu', 2, 0);
INSERT INTO schedules (id, value, day_id, time_id, teacher_id) VALUES (366, 1, 'fri', 2, 0);
INSERT INTO schedules (id, value, day_id, time_id, teacher_id) VALUES (367, 0, 'sat', 2, 0);
INSERT INTO schedules (id, value, day_id, time_id, teacher_id) VALUES (368, 0, 'sun', 2, 0);
INSERT INTO schedules (id, value, day_id, time_id, teacher_id) VALUES (369, 0, 'wed', 2, 1);
INSERT INTO schedules (id, value, day_id, time_id, teacher_id) VALUES (370, 0, 'thu', 2, 1);
INSERT INTO schedules (id, value, day_id, time_id, teacher_id) VALUES (371, 0, 'fri', 2, 1);
INSERT INTO schedules (id, value, day_id, time_id, teacher_id) VALUES (372, 0, 'sat', 2, 1);
INSERT INTO schedules (id, value, day_id, time_id, teacher_id) VALUES (373, 0, 'sun', 2, 1);
INSERT INTO schedules (id, value, day_id, time_id, teacher_id) VALUES (374, 1, 'wed', 2, 2);
INSERT INTO schedules (id, value, day_id, time_id, teacher_id) VALUES (375, 1, 'thu', 2, 2);
INSERT INTO schedules (id, value, day_id, time_id, teacher_id) VALUES (376, 1, 'fri', 2, 2);
INSERT INTO schedules (id, value, day_id, time_id, teacher_id) VALUES (377, 0, 'sat', 2, 2);
INSERT INTO schedules (id, value, day_id, time_id, teacher_id) VALUES (378, 0, 'sun', 2, 2);
INSERT INTO schedules (id, value, day_id, time_id, teacher_id) VALUES (379, 0, 'wed', 2, 3);
INSERT INTO schedules (id, value, day_id, time_id, teacher_id) VALUES (380, 0, 'thu', 2, 3);
INSERT INTO schedules (id, value, day_id, time_id, teacher_id) VALUES (381, 0, 'fri', 2, 3);
INSERT INTO schedules (id, value, day_id, time_id, teacher_id) VALUES (382, 0, 'sat', 2, 3);
INSERT INTO schedules (id, value, day_id, time_id, teacher_id) VALUES (383, 0, 'sun', 2, 3);
INSERT INTO schedules (id, value, day_id, time_id, teacher_id) VALUES (384, 0, 'wed', 2, 4);
INSERT INTO schedules (id, value, day_id, time_id, teacher_id) VALUES (385, 0, 'thu', 2, 4);
INSERT INTO schedules (id, value, day_id, time_id, teacher_id) VALUES (386, 0, 'fri', 2, 4);
INSERT INTO schedules (id, value, day_id, time_id, teacher_id) VALUES (387, 0, 'sat', 2, 4);
INSERT INTO schedules (id, value, day_id, time_id, teacher_id) VALUES (388, 0, 'sun', 2, 4);
INSERT INTO schedules (id, value, day_id, time_id, teacher_id) VALUES (389, 0, 'wed', 2, 5);
INSERT INTO schedules (id, value, day_id, time_id, teacher_id) VALUES (390, 0, 'thu', 2, 5);
INSERT INTO schedules (id, value, day_id, time_id, teacher_id) VALUES (391, 0, 'fri', 2, 5);
INSERT INTO schedules (id, value, day_id, time_id, teacher_id) VALUES (392, 0, 'sat', 2, 5);
INSERT INTO schedules (id, value, day_id, time_id, teacher_id) VALUES (393, 0, 'sun', 2, 5);
INSERT INTO schedules (id, value, day_id, time_id, teacher_id) VALUES (394, 0, 'wed', 2, 6);
INSERT INTO schedules (id, value, day_id, time_id, teacher_id) VALUES (395, 0, 'thu', 2, 6);
INSERT INTO schedules (id, value, day_id, time_id, teacher_id) VALUES (396, 0, 'fri', 2, 6);
INSERT INTO schedules (id, value, day_id, time_id, teacher_id) VALUES (397, 0, 'sat', 2, 6);
INSERT INTO schedules (id, value, day_id, time_id, teacher_id) VALUES (398, 0, 'sun', 2, 6);
INSERT INTO schedules (id, value, day_id, time_id, teacher_id) VALUES (399, 0, 'wed', 2, 7);
INSERT INTO schedules (id, value, day_id, time_id, teacher_id) VALUES (400, 0, 'thu', 2, 7);
INSERT INTO schedules (id, value, day_id, time_id, teacher_id) VALUES (401, 0, 'fri', 2, 7);
INSERT INTO schedules (id, value, day_id, time_id, teacher_id) VALUES (402, 0, 'sat', 2, 7);
INSERT INTO schedules (id, value, day_id, time_id, teacher_id) VALUES (403, 0, 'sun', 2, 7);
INSERT INTO schedules (id, value, day_id, time_id, teacher_id) VALUES (404, 0, 'wed', 2, 8);
INSERT INTO schedules (id, value, day_id, time_id, teacher_id) VALUES (405, 0, 'thu', 2, 8);
INSERT INTO schedules (id, value, day_id, time_id, teacher_id) VALUES (406, 0, 'fri', 2, 8);
INSERT INTO schedules (id, value, day_id, time_id, teacher_id) VALUES (407, 0, 'sat', 2, 8);
INSERT INTO schedules (id, value, day_id, time_id, teacher_id) VALUES (408, 0, 'sun', 2, 8);
INSERT INTO schedules (id, value, day_id, time_id, teacher_id) VALUES (409, 0, 'wed', 2, 9);
INSERT INTO schedules (id, value, day_id, time_id, teacher_id) VALUES (410, 0, 'thu', 2, 9);
INSERT INTO schedules (id, value, day_id, time_id, teacher_id) VALUES (411, 0, 'fri', 2, 9);
INSERT INTO schedules (id, value, day_id, time_id, teacher_id) VALUES (412, 0, 'sat', 2, 9);
INSERT INTO schedules (id, value, day_id, time_id, teacher_id) VALUES (413, 0, 'sun', 2, 9);
INSERT INTO schedules (id, value, day_id, time_id, teacher_id) VALUES (414, 0, 'wed', 2, 10);
INSERT INTO schedules (id, value, day_id, time_id, teacher_id) VALUES (415, 0, 'thu', 2, 10);
INSERT INTO schedules (id, value, day_id, time_id, teacher_id) VALUES (416, 0, 'fri', 2, 10);
INSERT INTO schedules (id, value, day_id, time_id, teacher_id) VALUES (417, 0, 'sat', 2, 10);
INSERT INTO schedules (id, value, day_id, time_id, teacher_id) VALUES (418, 0, 'sun', 2, 10);
INSERT INTO schedules (id, value, day_id, time_id, teacher_id) VALUES (419, 0, 'wed', 2, 11);
INSERT INTO schedules (id, value, day_id, time_id, teacher_id) VALUES (420, 0, 'thu', 2, 11);
INSERT INTO schedules (id, value, day_id, time_id, teacher_id) VALUES (421, 0, 'fri', 2, 11);
INSERT INTO schedules (id, value, day_id, time_id, teacher_id) VALUES (422, 0, 'sat', 2, 11);
INSERT INTO schedules (id, value, day_id, time_id, teacher_id) VALUES (423, 0, 'sun', 2, 11);
INSERT INTO schedules (id, value, day_id, time_id, teacher_id) VALUES (424, 0, 'tue', 3, 0);
INSERT INTO schedules (id, value, day_id, time_id, teacher_id) VALUES (425, 0, 'tue', 4, 0);
INSERT INTO schedules (id, value, day_id, time_id, teacher_id) VALUES (426, 0, 'tue', 5, 0);
INSERT INTO schedules (id, value, day_id, time_id, teacher_id) VALUES (427, 0, 'tue', 6, 0);
INSERT INTO schedules (id, value, day_id, time_id, teacher_id) VALUES (428, 0, 'tue', 7, 0);
INSERT INTO schedules (id, value, day_id, time_id, teacher_id) VALUES (429, 0, 'tue', 8, 0);
INSERT INTO schedules (id, value, day_id, time_id, teacher_id) VALUES (430, 0, 'tue', 2, 1);
INSERT INTO schedules (id, value, day_id, time_id, teacher_id) VALUES (431, 0, 'tue', 3, 1);
INSERT INTO schedules (id, value, day_id, time_id, teacher_id) VALUES (432, 0, 'tue', 4, 1);
INSERT INTO schedules (id, value, day_id, time_id, teacher_id) VALUES (433, 1, 'tue', 5, 1);
INSERT INTO schedules (id, value, day_id, time_id, teacher_id) VALUES (434, 1, 'tue', 6, 1);
INSERT INTO schedules (id, value, day_id, time_id, teacher_id) VALUES (435, 1, 'tue', 7, 1);
INSERT INTO schedules (id, value, day_id, time_id, teacher_id) VALUES (436, 1, 'tue', 8, 1);
INSERT INTO schedules (id, value, day_id, time_id, teacher_id) VALUES (437, 1, 'tue', 2, 2);
INSERT INTO schedules (id, value, day_id, time_id, teacher_id) VALUES (438, 1, 'tue', 3, 2);
INSERT INTO schedules (id, value, day_id, time_id, teacher_id) VALUES (439, 1, 'tue', 4, 2);
INSERT INTO schedules (id, value, day_id, time_id, teacher_id) VALUES (440, 1, 'tue', 5, 2);
INSERT INTO schedules (id, value, day_id, time_id, teacher_id) VALUES (441, 1, 'tue', 6, 2);
INSERT INTO schedules (id, value, day_id, time_id, teacher_id) VALUES (442, 1, 'tue', 7, 2);
INSERT INTO schedules (id, value, day_id, time_id, teacher_id) VALUES (443, 1, 'tue', 8, 2);
INSERT INTO schedules (id, value, day_id, time_id, teacher_id) VALUES (444, 0, 'tue', 2, 3);
INSERT INTO schedules (id, value, day_id, time_id, teacher_id) VALUES (445, 0, 'tue', 3, 3);
INSERT INTO schedules (id, value, day_id, time_id, teacher_id) VALUES (446, 0, 'tue', 4, 3);
INSERT INTO schedules (id, value, day_id, time_id, teacher_id) VALUES (447, 0, 'tue', 5, 3);
INSERT INTO schedules (id, value, day_id, time_id, teacher_id) VALUES (448, 0, 'tue', 6, 3);
INSERT INTO schedules (id, value, day_id, time_id, teacher_id) VALUES (449, 0, 'tue', 7, 3);
INSERT INTO schedules (id, value, day_id, time_id, teacher_id) VALUES (450, 0, 'tue', 8, 3);
INSERT INTO schedules (id, value, day_id, time_id, teacher_id) VALUES (451, 0, 'tue', 2, 4);
INSERT INTO schedules (id, value, day_id, time_id, teacher_id) VALUES (452, 0, 'tue', 3, 4);
INSERT INTO schedules (id, value, day_id, time_id, teacher_id) VALUES (453, 0, 'tue', 4, 4);
INSERT INTO schedules (id, value, day_id, time_id, teacher_id) VALUES (454, 1, 'tue', 5, 4);
INSERT INTO schedules (id, value, day_id, time_id, teacher_id) VALUES (455, 1, 'tue', 6, 4);
INSERT INTO schedules (id, value, day_id, time_id, teacher_id) VALUES (456, 1, 'tue', 7, 4);
INSERT INTO schedules (id, value, day_id, time_id, teacher_id) VALUES (457, 1, 'tue', 8, 4);
INSERT INTO schedules (id, value, day_id, time_id, teacher_id) VALUES (458, 0, 'tue', 2, 5);
INSERT INTO schedules (id, value, day_id, time_id, teacher_id) VALUES (459, 0, 'tue', 3, 5);
INSERT INTO schedules (id, value, day_id, time_id, teacher_id) VALUES (460, 0, 'tue', 4, 5);
INSERT INTO schedules (id, value, day_id, time_id, teacher_id) VALUES (461, 1, 'tue', 5, 5);
INSERT INTO schedules (id, value, day_id, time_id, teacher_id) VALUES (462, 1, 'tue', 6, 5);
INSERT INTO schedules (id, value, day_id, time_id, teacher_id) VALUES (463, 1, 'tue', 7, 5);
INSERT INTO schedules (id, value, day_id, time_id, teacher_id) VALUES (464, 1, 'tue', 8, 5);
INSERT INTO schedules (id, value, day_id, time_id, teacher_id) VALUES (465, 0, 'tue', 2, 6);
INSERT INTO schedules (id, value, day_id, time_id, teacher_id) VALUES (466, 0, 'tue', 3, 6);
INSERT INTO schedules (id, value, day_id, time_id, teacher_id) VALUES (467, 0, 'tue', 4, 6);
INSERT INTO schedules (id, value, day_id, time_id, teacher_id) VALUES (468, 1, 'tue', 5, 6);
INSERT INTO schedules (id, value, day_id, time_id, teacher_id) VALUES (469, 1, 'tue', 6, 6);
INSERT INTO schedules (id, value, day_id, time_id, teacher_id) VALUES (470, 1, 'tue', 7, 6);
INSERT INTO schedules (id, value, day_id, time_id, teacher_id) VALUES (471, 1, 'tue', 8, 6);
INSERT INTO schedules (id, value, day_id, time_id, teacher_id) VALUES (472, 0, 'tue', 2, 7);
INSERT INTO schedules (id, value, day_id, time_id, teacher_id) VALUES (473, 0, 'tue', 3, 7);
INSERT INTO schedules (id, value, day_id, time_id, teacher_id) VALUES (474, 0, 'tue', 4, 7);
INSERT INTO schedules (id, value, day_id, time_id, teacher_id) VALUES (475, 1, 'tue', 5, 7);
INSERT INTO schedules (id, value, day_id, time_id, teacher_id) VALUES (476, 1, 'tue', 6, 7);
INSERT INTO schedules (id, value, day_id, time_id, teacher_id) VALUES (477, 1, 'tue', 7, 7);
INSERT INTO schedules (id, value, day_id, time_id, teacher_id) VALUES (478, 1, 'tue', 8, 7);
INSERT INTO schedules (id, value, day_id, time_id, teacher_id) VALUES (479, 0, 'tue', 2, 8);
INSERT INTO schedules (id, value, day_id, time_id, teacher_id) VALUES (480, 0, 'tue', 3, 8);
INSERT INTO schedules (id, value, day_id, time_id, teacher_id) VALUES (481, 0, 'tue', 4, 8);
INSERT INTO schedules (id, value, day_id, time_id, teacher_id) VALUES (482, 1, 'tue', 5, 8);
INSERT INTO schedules (id, value, day_id, time_id, teacher_id) VALUES (483, 1, 'tue', 6, 8);
INSERT INTO schedules (id, value, day_id, time_id, teacher_id) VALUES (484, 1, 'tue', 7, 8);
INSERT INTO schedules (id, value, day_id, time_id, teacher_id) VALUES (485, 1, 'tue', 8, 8);
INSERT INTO schedules (id, value, day_id, time_id, teacher_id) VALUES (486, 0, 'tue', 2, 9);
INSERT INTO schedules (id, value, day_id, time_id, teacher_id) VALUES (487, 0, 'tue', 3, 9);
INSERT INTO schedules (id, value, day_id, time_id, teacher_id) VALUES (488, 0, 'tue', 4, 9);
INSERT INTO schedules (id, value, day_id, time_id, teacher_id) VALUES (489, 1, 'tue', 5, 9);
INSERT INTO schedules (id, value, day_id, time_id, teacher_id) VALUES (490, 1, 'tue', 6, 9);
INSERT INTO schedules (id, value, day_id, time_id, teacher_id) VALUES (491, 1, 'tue', 7, 9);
INSERT INTO schedules (id, value, day_id, time_id, teacher_id) VALUES (492, 1, 'tue', 8, 9);
INSERT INTO schedules (id, value, day_id, time_id, teacher_id) VALUES (493, 0, 'tue', 2, 10);
INSERT INTO schedules (id, value, day_id, time_id, teacher_id) VALUES (494, 0, 'tue', 3, 10);
INSERT INTO schedules (id, value, day_id, time_id, teacher_id) VALUES (495, 0, 'tue', 4, 10);
INSERT INTO schedules (id, value, day_id, time_id, teacher_id) VALUES (496, 1, 'tue', 5, 10);
INSERT INTO schedules (id, value, day_id, time_id, teacher_id) VALUES (497, 1, 'tue', 6, 10);
INSERT INTO schedules (id, value, day_id, time_id, teacher_id) VALUES (498, 1, 'tue', 7, 10);
INSERT INTO schedules (id, value, day_id, time_id, teacher_id) VALUES (499, 1, 'tue', 8, 10);
INSERT INTO schedules (id, value, day_id, time_id, teacher_id) VALUES (500, 0, 'tue', 2, 11);
INSERT INTO schedules (id, value, day_id, time_id, teacher_id) VALUES (501, 0, 'tue', 3, 11);
INSERT INTO schedules (id, value, day_id, time_id, teacher_id) VALUES (502, 0, 'tue', 4, 11);
INSERT INTO schedules (id, value, day_id, time_id, teacher_id) VALUES (503, 1, 'tue', 5, 11);
INSERT INTO schedules (id, value, day_id, time_id, teacher_id) VALUES (504, 1, 'tue', 6, 11);
INSERT INTO schedules (id, value, day_id, time_id, teacher_id) VALUES (505, 1, 'tue', 7, 11);
INSERT INTO schedules (id, value, day_id, time_id, teacher_id) VALUES (506, 1, 'tue', 8, 11);
INSERT INTO schedules (id, value, day_id, time_id, teacher_id) VALUES (507, 1, 'wed', 1, 0);
INSERT INTO schedules (id, value, day_id, time_id, teacher_id) VALUES (508, 1, 'thu', 1, 0);
INSERT INTO schedules (id, value, day_id, time_id, teacher_id) VALUES (509, 1, 'fri', 1, 0);
INSERT INTO schedules (id, value, day_id, time_id, teacher_id) VALUES (510, 0, 'sat', 1, 0);
INSERT INTO schedules (id, value, day_id, time_id, teacher_id) VALUES (511, 0, 'sun', 1, 0);
INSERT INTO schedules (id, value, day_id, time_id, teacher_id) VALUES (512, 0, 'tue', 1, 1);
INSERT INTO schedules (id, value, day_id, time_id, teacher_id) VALUES (513, 0, 'wed', 1, 1);
INSERT INTO schedules (id, value, day_id, time_id, teacher_id) VALUES (514, 0, 'thu', 1, 1);
INSERT INTO schedules (id, value, day_id, time_id, teacher_id) VALUES (515, 0, 'fri', 1, 1);
INSERT INTO schedules (id, value, day_id, time_id, teacher_id) VALUES (516, 0, 'sat', 1, 1);
INSERT INTO schedules (id, value, day_id, time_id, teacher_id) VALUES (517, 0, 'sun', 1, 1);
INSERT INTO schedules (id, value, day_id, time_id, teacher_id) VALUES (518, 1, 'tue', 1, 2);
INSERT INTO schedules (id, value, day_id, time_id, teacher_id) VALUES (519, 1, 'wed', 1, 2);
INSERT INTO schedules (id, value, day_id, time_id, teacher_id) VALUES (520, 1, 'thu', 1, 2);
INSERT INTO schedules (id, value, day_id, time_id, teacher_id) VALUES (521, 1, 'fri', 1, 2);
INSERT INTO schedules (id, value, day_id, time_id, teacher_id) VALUES (522, 0, 'sat', 1, 2);
INSERT INTO schedules (id, value, day_id, time_id, teacher_id) VALUES (523, 0, 'sun', 1, 2);
INSERT INTO schedules (id, value, day_id, time_id, teacher_id) VALUES (524, 0, 'tue', 1, 3);
INSERT INTO schedules (id, value, day_id, time_id, teacher_id) VALUES (525, 0, 'wed', 1, 3);
INSERT INTO schedules (id, value, day_id, time_id, teacher_id) VALUES (526, 0, 'thu', 1, 3);
INSERT INTO schedules (id, value, day_id, time_id, teacher_id) VALUES (527, 0, 'fri', 1, 3);
INSERT INTO schedules (id, value, day_id, time_id, teacher_id) VALUES (528, 0, 'sat', 1, 3);
INSERT INTO schedules (id, value, day_id, time_id, teacher_id) VALUES (529, 0, 'sun', 1, 3);
INSERT INTO schedules (id, value, day_id, time_id, teacher_id) VALUES (530, 0, 'tue', 1, 4);
INSERT INTO schedules (id, value, day_id, time_id, teacher_id) VALUES (531, 0, 'wed', 1, 4);
INSERT INTO schedules (id, value, day_id, time_id, teacher_id) VALUES (532, 0, 'thu', 1, 4);
INSERT INTO schedules (id, value, day_id, time_id, teacher_id) VALUES (533, 0, 'fri', 1, 4);
INSERT INTO schedules (id, value, day_id, time_id, teacher_id) VALUES (534, 0, 'sat', 1, 4);
INSERT INTO schedules (id, value, day_id, time_id, teacher_id) VALUES (535, 0, 'sun', 1, 4);
INSERT INTO schedules (id, value, day_id, time_id, teacher_id) VALUES (536, 0, 'tue', 1, 5);
INSERT INTO schedules (id, value, day_id, time_id, teacher_id) VALUES (537, 0, 'wed', 1, 5);
INSERT INTO schedules (id, value, day_id, time_id, teacher_id) VALUES (538, 0, 'thu', 1, 5);
INSERT INTO schedules (id, value, day_id, time_id, teacher_id) VALUES (539, 0, 'fri', 1, 5);
INSERT INTO schedules (id, value, day_id, time_id, teacher_id) VALUES (540, 0, 'sat', 1, 5);
INSERT INTO schedules (id, value, day_id, time_id, teacher_id) VALUES (541, 0, 'sun', 1, 5);
INSERT INTO schedules (id, value, day_id, time_id, teacher_id) VALUES (542, 0, 'tue', 1, 6);
INSERT INTO schedules (id, value, day_id, time_id, teacher_id) VALUES (543, 0, 'wed', 1, 6);
INSERT INTO schedules (id, value, day_id, time_id, teacher_id) VALUES (544, 0, 'thu', 1, 6);
INSERT INTO schedules (id, value, day_id, time_id, teacher_id) VALUES (545, 0, 'fri', 1, 6);
INSERT INTO schedules (id, value, day_id, time_id, teacher_id) VALUES (546, 0, 'sat', 1, 6);
INSERT INTO schedules (id, value, day_id, time_id, teacher_id) VALUES (547, 0, 'sun', 1, 6);
INSERT INTO schedules (id, value, day_id, time_id, teacher_id) VALUES (548, 0, 'tue', 1, 7);
INSERT INTO schedules (id, value, day_id, time_id, teacher_id) VALUES (549, 0, 'wed', 1, 7);
INSERT INTO schedules (id, value, day_id, time_id, teacher_id) VALUES (550, 0, 'thu', 1, 7);
INSERT INTO schedules (id, value, day_id, time_id, teacher_id) VALUES (551, 0, 'fri', 1, 7);
INSERT INTO schedules (id, value, day_id, time_id, teacher_id) VALUES (552, 0, 'sat', 1, 7);
INSERT INTO schedules (id, value, day_id, time_id, teacher_id) VALUES (553, 0, 'sun', 1, 7);
INSERT INTO schedules (id, value, day_id, time_id, teacher_id) VALUES (554, 0, 'tue', 1, 8);
INSERT INTO schedules (id, value, day_id, time_id, teacher_id) VALUES (555, 0, 'wed', 1, 8);
INSERT INTO schedules (id, value, day_id, time_id, teacher_id) VALUES (556, 0, 'thu', 1, 8);
INSERT INTO schedules (id, value, day_id, time_id, teacher_id) VALUES (557, 0, 'fri', 1, 8);
INSERT INTO schedules (id, value, day_id, time_id, teacher_id) VALUES (558, 0, 'sat', 1, 8);
INSERT INTO schedules (id, value, day_id, time_id, teacher_id) VALUES (559, 0, 'sun', 1, 8);
INSERT INTO schedules (id, value, day_id, time_id, teacher_id) VALUES (560, 0, 'tue', 1, 9);
INSERT INTO schedules (id, value, day_id, time_id, teacher_id) VALUES (561, 0, 'wed', 1, 9);
INSERT INTO schedules (id, value, day_id, time_id, teacher_id) VALUES (562, 0, 'thu', 1, 9);
INSERT INTO schedules (id, value, day_id, time_id, teacher_id) VALUES (563, 0, 'fri', 1, 9);
INSERT INTO schedules (id, value, day_id, time_id, teacher_id) VALUES (564, 0, 'sat', 1, 9);
INSERT INTO schedules (id, value, day_id, time_id, teacher_id) VALUES (565, 0, 'sun', 1, 9);
INSERT INTO schedules (id, value, day_id, time_id, teacher_id) VALUES (566, 0, 'tue', 1, 10);
INSERT INTO schedules (id, value, day_id, time_id, teacher_id) VALUES (567, 0, 'wed', 1, 10);
INSERT INTO schedules (id, value, day_id, time_id, teacher_id) VALUES (568, 0, 'thu', 1, 10);
INSERT INTO schedules (id, value, day_id, time_id, teacher_id) VALUES (569, 0, 'fri', 1, 10);
INSERT INTO schedules (id, value, day_id, time_id, teacher_id) VALUES (570, 0, 'sat', 1, 10);
INSERT INTO schedules (id, value, day_id, time_id, teacher_id) VALUES (571, 0, 'sun', 1, 10);
INSERT INTO schedules (id, value, day_id, time_id, teacher_id) VALUES (572, 0, 'tue', 1, 11);
INSERT INTO schedules (id, value, day_id, time_id, teacher_id) VALUES (573, 0, 'wed', 1, 11);
INSERT INTO schedules (id, value, day_id, time_id, teacher_id) VALUES (574, 0, 'thu', 1, 11);
INSERT INTO schedules (id, value, day_id, time_id, teacher_id) VALUES (575, 0, 'fri', 1, 11);
INSERT INTO schedules (id, value, day_id, time_id, teacher_id) VALUES (576, 0, 'sat', 1, 11);
INSERT INTO schedules (id, value, day_id, time_id, teacher_id) VALUES (577, 0, 'sun', 1, 11);
INSERT INTO schedules (id, value, day_id, time_id, teacher_id) VALUES (578, 1, 'mon', 2, 0);
INSERT INTO schedules (id, value, day_id, time_id, teacher_id) VALUES (579, 1, 'mon', 3, 0);
INSERT INTO schedules (id, value, day_id, time_id, teacher_id) VALUES (580, 0, 'mon', 4, 0);
INSERT INTO schedules (id, value, day_id, time_id, teacher_id) VALUES (581, 0, 'mon', 5, 0);
INSERT INTO schedules (id, value, day_id, time_id, teacher_id) VALUES (582, 0, 'mon', 6, 0);
INSERT INTO schedules (id, value, day_id, time_id, teacher_id) VALUES (583, 0, 'mon', 7, 0);
INSERT INTO schedules (id, value, day_id, time_id, teacher_id) VALUES (584, 0, 'mon', 8, 0);
INSERT INTO schedules (id, value, day_id, time_id, teacher_id) VALUES (585, 0, 'mon', 1, 1);
INSERT INTO schedules (id, value, day_id, time_id, teacher_id) VALUES (586, 0, 'mon', 2, 1);
INSERT INTO schedules (id, value, day_id, time_id, teacher_id) VALUES (587, 0, 'mon', 3, 1);
INSERT INTO schedules (id, value, day_id, time_id, teacher_id) VALUES (588, 0, 'mon', 4, 1);
INSERT INTO schedules (id, value, day_id, time_id, teacher_id) VALUES (589, 1, 'mon', 5, 1);
INSERT INTO schedules (id, value, day_id, time_id, teacher_id) VALUES (590, 1, 'mon', 6, 1);
INSERT INTO schedules (id, value, day_id, time_id, teacher_id) VALUES (591, 1, 'mon', 7, 1);
INSERT INTO schedules (id, value, day_id, time_id, teacher_id) VALUES (592, 1, 'mon', 8, 1);
INSERT INTO schedules (id, value, day_id, time_id, teacher_id) VALUES (593, 0, 'mon', 1, 2);
INSERT INTO schedules (id, value, day_id, time_id, teacher_id) VALUES (594, 0, 'mon', 2, 2);
INSERT INTO schedules (id, value, day_id, time_id, teacher_id) VALUES (595, 0, 'mon', 3, 2);
INSERT INTO schedules (id, value, day_id, time_id, teacher_id) VALUES (596, 0, 'mon', 4, 2);
INSERT INTO schedules (id, value, day_id, time_id, teacher_id) VALUES (597, 0, 'mon', 5, 2);
INSERT INTO schedules (id, value, day_id, time_id, teacher_id) VALUES (598, 0, 'mon', 6, 2);
INSERT INTO schedules (id, value, day_id, time_id, teacher_id) VALUES (599, 0, 'mon', 7, 2);
INSERT INTO schedules (id, value, day_id, time_id, teacher_id) VALUES (600, 0, 'mon', 8, 2);
INSERT INTO schedules (id, value, day_id, time_id, teacher_id) VALUES (601, 0, 'mon', 1, 3);
INSERT INTO schedules (id, value, day_id, time_id, teacher_id) VALUES (602, 0, 'mon', 2, 3);
INSERT INTO schedules (id, value, day_id, time_id, teacher_id) VALUES (603, 0, 'mon', 3, 3);
INSERT INTO schedules (id, value, day_id, time_id, teacher_id) VALUES (604, 0, 'mon', 4, 3);
INSERT INTO schedules (id, value, day_id, time_id, teacher_id) VALUES (605, 0, 'mon', 5, 3);
INSERT INTO schedules (id, value, day_id, time_id, teacher_id) VALUES (606, 0, 'mon', 6, 3);
INSERT INTO schedules (id, value, day_id, time_id, teacher_id) VALUES (607, 0, 'mon', 7, 3);
INSERT INTO schedules (id, value, day_id, time_id, teacher_id) VALUES (608, 0, 'mon', 8, 3);
INSERT INTO schedules (id, value, day_id, time_id, teacher_id) VALUES (609, 0, 'mon', 1, 4);
INSERT INTO schedules (id, value, day_id, time_id, teacher_id) VALUES (610, 0, 'mon', 2, 4);
INSERT INTO schedules (id, value, day_id, time_id, teacher_id) VALUES (611, 0, 'mon', 3, 4);
INSERT INTO schedules (id, value, day_id, time_id, teacher_id) VALUES (612, 0, 'mon', 4, 4);
INSERT INTO schedules (id, value, day_id, time_id, teacher_id) VALUES (613, 1, 'mon', 5, 4);
INSERT INTO schedules (id, value, day_id, time_id, teacher_id) VALUES (614, 1, 'mon', 6, 4);
INSERT INTO schedules (id, value, day_id, time_id, teacher_id) VALUES (615, 1, 'mon', 7, 4);
INSERT INTO schedules (id, value, day_id, time_id, teacher_id) VALUES (616, 1, 'mon', 8, 4);
INSERT INTO schedules (id, value, day_id, time_id, teacher_id) VALUES (617, 0, 'mon', 1, 5);
INSERT INTO schedules (id, value, day_id, time_id, teacher_id) VALUES (618, 0, 'mon', 2, 5);
INSERT INTO schedules (id, value, day_id, time_id, teacher_id) VALUES (619, 0, 'mon', 3, 5);
INSERT INTO schedules (id, value, day_id, time_id, teacher_id) VALUES (620, 0, 'mon', 4, 5);
INSERT INTO schedules (id, value, day_id, time_id, teacher_id) VALUES (621, 1, 'mon', 5, 5);
INSERT INTO schedules (id, value, day_id, time_id, teacher_id) VALUES (622, 1, 'mon', 6, 5);
INSERT INTO schedules (id, value, day_id, time_id, teacher_id) VALUES (623, 1, 'mon', 7, 5);
INSERT INTO schedules (id, value, day_id, time_id, teacher_id) VALUES (624, 1, 'mon', 8, 5);
INSERT INTO schedules (id, value, day_id, time_id, teacher_id) VALUES (625, 0, 'mon', 1, 6);
INSERT INTO schedules (id, value, day_id, time_id, teacher_id) VALUES (626, 0, 'mon', 2, 6);
INSERT INTO schedules (id, value, day_id, time_id, teacher_id) VALUES (627, 0, 'mon', 3, 6);
INSERT INTO schedules (id, value, day_id, time_id, teacher_id) VALUES (628, 0, 'mon', 4, 6);
INSERT INTO schedules (id, value, day_id, time_id, teacher_id) VALUES (629, 1, 'mon', 5, 6);
INSERT INTO schedules (id, value, day_id, time_id, teacher_id) VALUES (630, 1, 'mon', 6, 6);
INSERT INTO schedules (id, value, day_id, time_id, teacher_id) VALUES (631, 1, 'mon', 7, 6);
INSERT INTO schedules (id, value, day_id, time_id, teacher_id) VALUES (632, 1, 'mon', 8, 6);
INSERT INTO schedules (id, value, day_id, time_id, teacher_id) VALUES (633, 0, 'mon', 1, 7);
INSERT INTO schedules (id, value, day_id, time_id, teacher_id) VALUES (634, 0, 'mon', 2, 7);
INSERT INTO schedules (id, value, day_id, time_id, teacher_id) VALUES (635, 0, 'mon', 3, 7);
INSERT INTO schedules (id, value, day_id, time_id, teacher_id) VALUES (636, 0, 'mon', 4, 7);
INSERT INTO schedules (id, value, day_id, time_id, teacher_id) VALUES (637, 1, 'mon', 5, 7);
INSERT INTO schedules (id, value, day_id, time_id, teacher_id) VALUES (638, 1, 'mon', 6, 7);
INSERT INTO schedules (id, value, day_id, time_id, teacher_id) VALUES (639, 1, 'mon', 7, 7);
INSERT INTO schedules (id, value, day_id, time_id, teacher_id) VALUES (640, 1, 'mon', 8, 7);
INSERT INTO schedules (id, value, day_id, time_id, teacher_id) VALUES (641, 0, 'mon', 1, 8);
INSERT INTO schedules (id, value, day_id, time_id, teacher_id) VALUES (642, 0, 'mon', 2, 8);
INSERT INTO schedules (id, value, day_id, time_id, teacher_id) VALUES (643, 0, 'mon', 3, 8);
INSERT INTO schedules (id, value, day_id, time_id, teacher_id) VALUES (644, 0, 'mon', 4, 8);
INSERT INTO schedules (id, value, day_id, time_id, teacher_id) VALUES (645, 1, 'mon', 5, 8);
INSERT INTO schedules (id, value, day_id, time_id, teacher_id) VALUES (646, 1, 'mon', 6, 8);
INSERT INTO schedules (id, value, day_id, time_id, teacher_id) VALUES (647, 1, 'mon', 7, 8);
INSERT INTO schedules (id, value, day_id, time_id, teacher_id) VALUES (648, 1, 'mon', 8, 8);
INSERT INTO schedules (id, value, day_id, time_id, teacher_id) VALUES (649, 0, 'mon', 1, 9);
INSERT INTO schedules (id, value, day_id, time_id, teacher_id) VALUES (650, 0, 'mon', 2, 9);
INSERT INTO schedules (id, value, day_id, time_id, teacher_id) VALUES (651, 0, 'mon', 3, 9);
INSERT INTO schedules (id, value, day_id, time_id, teacher_id) VALUES (652, 0, 'mon', 4, 9);
INSERT INTO schedules (id, value, day_id, time_id, teacher_id) VALUES (653, 1, 'mon', 5, 9);
INSERT INTO schedules (id, value, day_id, time_id, teacher_id) VALUES (654, 1, 'mon', 6, 9);
INSERT INTO schedules (id, value, day_id, time_id, teacher_id) VALUES (655, 1, 'mon', 7, 9);
INSERT INTO schedules (id, value, day_id, time_id, teacher_id) VALUES (656, 1, 'mon', 8, 9);
INSERT INTO schedules (id, value, day_id, time_id, teacher_id) VALUES (657, 0, 'mon', 1, 10);
INSERT INTO schedules (id, value, day_id, time_id, teacher_id) VALUES (658, 0, 'mon', 2, 10);
INSERT INTO schedules (id, value, day_id, time_id, teacher_id) VALUES (659, 0, 'mon', 3, 10);
INSERT INTO schedules (id, value, day_id, time_id, teacher_id) VALUES (660, 0, 'mon', 4, 10);
INSERT INTO schedules (id, value, day_id, time_id, teacher_id) VALUES (661, 1, 'mon', 5, 10);
INSERT INTO schedules (id, value, day_id, time_id, teacher_id) VALUES (662, 1, 'mon', 6, 10);
INSERT INTO schedules (id, value, day_id, time_id, teacher_id) VALUES (663, 1, 'mon', 7, 10);
INSERT INTO schedules (id, value, day_id, time_id, teacher_id) VALUES (664, 1, 'mon', 8, 10);
INSERT INTO schedules (id, value, day_id, time_id, teacher_id) VALUES (665, 0, 'mon', 1, 11);
INSERT INTO schedules (id, value, day_id, time_id, teacher_id) VALUES (666, 0, 'mon', 2, 11);
INSERT INTO schedules (id, value, day_id, time_id, teacher_id) VALUES (667, 0, 'mon', 3, 11);
INSERT INTO schedules (id, value, day_id, time_id, teacher_id) VALUES (668, 0, 'mon', 4, 11);
INSERT INTO schedules (id, value, day_id, time_id, teacher_id) VALUES (669, 1, 'mon', 5, 11);
INSERT INTO schedules (id, value, day_id, time_id, teacher_id) VALUES (670, 1, 'mon', 6, 11);
INSERT INTO schedules (id, value, day_id, time_id, teacher_id) VALUES (671, 1, 'mon', 7, 11);
INSERT INTO schedules (id, value, day_id, time_id, teacher_id) VALUES (672, 1, 'mon', 8, 11);
